Reseña,Sentimiento
"Estoy feliz con mi compra, funciona perfecto.",Positiva
"Estoy feliz con mi compra, funciona perfecto.",Positiva
Recomiendo este servicio sin dudarlo.,Positiva
"Muy recomendable, volveré a comprar.",Positiva
"Muy recomendable, volveré a comprar.",Positiva
Buen precio y envío rápido.,Positiva
"Estoy feliz con mi compra, funciona perfecto.",Positiva
"Muy mala experiencia, no lo recomiendo.",Negativa
No se parece a lo que mostraban en la web.,Negativa
"Producto de alta calidad, muy satisfecho.",Positiva
"Producto de alta calidad, muy satisfecho.",Positiva
El mejor producto que he comprado en línea.,Positiva
No se parece a lo que mostraban en la web.,Negativa
"Muy mala experiencia, no lo recomiendo.",Negativa
La calidad deja mucho que desear.,Negativa
Buen precio y envío rápido.,Positiva
Recomiendo este servicio sin dudarlo.,Positiva
Llegó tarde y en mal estado.,Negativa
Llegó tarde y en mal estado.,Negativa
Recomiendo este servicio sin dudarlo.,Positiva
Buen precio y envío rápido.,Positiva
No volveré a comprar aquí.,Negativa
Una experiencia fantástica de principio a fin.,Positiva
La calidad deja mucho que desear.,Negativa
"Me encantó el producto, superó mis expectativas.",Positiva
No se parece a lo que mostraban en la web.,Negativa
"Todo llegó en perfecto estado, gracias.",Positiva
"Producto de alta calidad, muy satisfecho.",Positiva
"Estoy feliz con mi compra, funciona perfecto.",Positiva
Excelente calidad y atención al cliente.,Positiva
Llegó tarde y en mal estado.,Negativa
"Muy mala experiencia, no lo recomiendo.",Negativa
"Producto defectuoso, llegó roto.",Negativa
"Todo llegó en perfecto estado, gracias.",Positiva
Atención al cliente pésima.,Negativa
"Producto defectuoso, llegó roto.",Negativa
No se parece a lo que mostraban en la web.,Negativa
"Producto de alta calidad, muy satisfecho.",Positiva
Una experiencia fantástica de principio a fin.,Positiva
"Me encantó el producto, superó mis expectativas.",Positiva
Me arrepiento de haberlo comprado.,Negativa
Me arrepiento de haberlo comprado.,Negativa
Excelente calidad y atención al cliente.,Positiva
No volveré a comprar aquí.,Negativa
"Producto defectuoso, llegó roto.",Negativa
No funciona como se esperaba.,Negativa
"Producto de alta calidad, muy satisfecho.",Positiva
"Me encantó el producto, superó mis expectativas.",Positiva
No volveré a comprar aquí.,Negativa
"Me encantó el producto, superó mis expectativas.",Positiva
"Muy mala experiencia, no lo recomiendo.",Negativa
Recomiendo este servicio sin dudarlo.,Positiva
"Producto defectuoso, llegó roto.",Negativa
Buen precio y envío rápido.,Positiva
"Producto defectuoso, llegó roto.",Negativa
"Muy recomendable, volveré a comprar.",Positiva
No volveré a comprar aquí.,Negativa
Buen precio y envío rápido.,Positiva
Una experiencia fantástica de principio a fin.,Positiva
"Estoy feliz con mi compra, funciona perfecto.",Positiva
El mejor producto que he comprado en línea.,Positiva
"Muy mala experiencia, no lo recomiendo.",Negativa
Excelente calidad y atención al cliente.,Positiva
"Producto de alta calidad, muy satisfecho.",Positiva
No volveré a comprar aquí.,Negativa
"Producto de alta calidad, muy satisfecho.",Positiva
No se parece a lo que mostraban en la web.,Negativa
Recomiendo este servicio sin dudarlo.,Positiva
"Producto de alta calidad, muy satisfecho.",Positiva
"Producto de alta calidad, muy satisfecho.",Positiva
La calidad deja mucho que desear.,Negativa
Recomiendo este servicio sin dudarlo.,Positiva
"Muy mala experiencia, no lo recomiendo.",Negativa
Buen precio y envío rápido.,Positiva
"Todo llegó en perfecto estado, gracias.",Positiva
Recomiendo este servicio sin dudarlo.,Positiva
No funciona como se esperaba.,Negativa
No funciona como se esperaba.,Negativa
Llegó tarde y en mal estado.,Negativa
Una experiencia fantástica de principio a fin.,Positiva
Recomiendo este servicio sin dudarlo.,Positiva
No se parece a lo que mostraban en la web.,Negativa
Recomiendo este servicio sin dudarlo.,Positiva
La calidad deja mucho que desear.,Negativa
Llegó tarde y en mal estado.,Negativa
Demasiado caro para lo que ofrece.,Negativa
Excelente calidad y atención al cliente.,Positiva
"Producto defectuoso, llegó roto.",Negativa
"Producto defectuoso, llegó roto.",Negativa
"Estoy feliz con mi compra, funciona perfecto.",Positiva
"Producto de alta calidad, muy satisfecho.",Positiva
Buen precio y envío rápido.,Positiva
Excelente calidad y atención al cliente.,Positiva
"Estoy feliz con mi compra, funciona perfecto.",Positiva
Buen precio y envío rápido.,Positiva
Recomiendo este servicio sin dudarlo.,Positiva
Me arrepiento de haberlo comprado.,Negativa
"Todo llegó en perfecto estado, gracias.",Positiva
Atención al cliente pésima.,Negativa
"Producto defectuoso, llegó roto.",Negativa
No se parece a lo que mostraban en la web.,Negativa
El mejor producto que he comprado en línea.,Positiva
No volveré a comprar aquí.,Negativa
No funciona como se esperaba.,Negativa
"Todo llegó en perfecto estado, gracias.",Positiva
Recomiendo este servicio sin dudarlo.,Positiva
El mejor producto que he comprado en línea.,Positiva
"Muy recomendable, volveré a comprar.",Positiva
"Muy mala experiencia, no lo recomiendo.",Negativa
Una experiencia fantástica de principio a fin.,Positiva
No se parece a lo que mostraban en la web.,Negativa
Una experiencia fantástica de principio a fin.,Positiva
La calidad deja mucho que desear.,Negativa
Excelente calidad y atención al cliente.,Positiva
La calidad deja mucho que desear.,Negativa
Me arrepiento de haberlo comprado.,Negativa
La calidad deja mucho que desear.,Negativa
"Producto defectuoso, llegó roto.",Negativa
"Muy recomendable, volveré a comprar.",Positiva
Una experiencia fantástica de principio a fin.,Positiva
"Muy mala experiencia, no lo recomiendo.",Negativa
"Producto defectuoso, llegó roto.",Negativa
Demasiado caro para lo que ofrece.,Negativa
"Muy mala experiencia, no lo recomiendo.",Negativa
Una experiencia fantástica de principio a fin.,Positiva
Una experiencia fantástica de principio a fin.,Positiva
La calidad deja mucho que desear.,Negativa
"Muy mala experiencia, no lo recomiendo.",Negativa
"Producto de alta calidad, muy satisfecho.",Positiva
"Muy mala experiencia, no lo recomiendo.",Negativa
Recomiendo este servicio sin dudarlo.,Positiva
Atención al cliente pésima.,Negativa
Buen precio y envío rápido.,Positiva
Me arrepiento de haberlo comprado.,Negativa
Buen precio y envío rápido.,Positiva
Me arrepiento de haberlo comprado.,Negativa
Demasiado caro para lo que ofrece.,Negativa
"Me encantó el producto, superó mis expectativas.",Positiva
No se parece a lo que mostraban en la web.,Negativa
Demasiado caro para lo que ofrece.,Negativa
"Me encantó el producto, superó mis expectativas.",Positiva
No volveré a comprar aquí.,Negativa
Una experiencia fantástica de principio a fin.,Positiva
Excelente calidad y atención al cliente.,Positiva
El mejor producto que he comprado en línea.,Positiva
"Todo llegó en perfecto estado, gracias.",Positiva
No se parece a lo que mostraban en la web.,Negativa
Llegó tarde y en mal estado.,Negativa
"Producto defectuoso, llegó roto.",Negativa
El mejor producto que he comprado en línea.,Positiva
No se parece a lo que mostraban en la web.,Negativa
Llegó tarde y en mal estado.,Negativa
Me arrepiento de haberlo comprado.,Negativa
"Todo llegó en perfecto estado, gracias.",Positiva
Recomiendo este servicio sin dudarlo.,Positiva
Excelente calidad y atención al cliente.,Positiva
"Producto de alta calidad, muy satisfecho.",Positiva
"Estoy feliz con mi compra, funciona perfecto.",Positiva
"Estoy feliz con mi compra, funciona perfecto.",Positiva
"Estoy feliz con mi compra, funciona perfecto.",Positiva
Demasiado caro para lo que ofrece.,Negativa
"Me encantó el producto, superó mis expectativas.",Positiva
Atención al cliente pésima.,Negativa
"Me encantó el producto, superó mis expectativas.",Positiva
Me arrepiento de haberlo comprado.,Negativa
"Producto defectuoso, llegó roto.",Negativa
"Muy recomendable, volveré a comprar.",Positiva
La calidad deja mucho que desear.,Negativa
"Muy recomendable, volveré a comprar.",Positiva
"Me encantó el producto, superó mis expectativas.",Positiva
"Producto defectuoso, llegó roto.",Negativa
"Producto de alta calidad, muy satisfecho.",Positiva
No se parece a lo que mostraban en la web.,Negativa
Excelente calidad y atención al cliente.,Positiva
Buen precio y envío rápido.,Positiva
"Todo llegó en perfecto estado, gracias.",Positiva
La calidad deja mucho que desear.,Negativa
El mejor producto que he comprado en línea.,Positiva
Una experiencia fantástica de principio a fin.,Positiva
Recomiendo este servicio sin dudarlo.,Positiva
Demasiado caro para lo que ofrece.,Negativa
Excelente calidad y atención al cliente.,Positiva
Llegó tarde y en mal estado.,Negativa
No funciona como se esperaba.,Negativa
Una experiencia fantástica de principio a fin.,Positiva
"Producto de alta calidad, muy satisfecho.",Positiva
No funciona como se esperaba.,Negativa
Recomiendo este servicio sin dudarlo.,Positiva
"Me encantó el producto, superó mis expectativas.",Positiva
Demasiado caro para lo que ofrece.,Negativa
Demasiado caro para lo que ofrece.,Negativa
"Producto de alta calidad, muy satisfecho.",Positiva
"Todo llegó en perfecto estado, gracias.",Positiva
La calidad deja mucho que desear.,Negativa
"Muy mala experiencia, no lo recomiendo.",Negativa
"Producto de alta calidad, muy satisfecho.",Positiva
Buen precio y envío rápido.,Positiva
No funciona como se esperaba.,Negativa
"Todo llegó en perfecto estado, gracias.",Positiva
Buen precio y envío rápido.,Positiva
No funciona como se esperaba.,Negativa
"Me encantó el producto, superó mis expectativas.",Positiva
Buen precio y envío rápido.,Positiva
Demasiado caro para lo que ofrece.,Negativa
Demasiado caro para lo que ofrece.,Negativa
"Todo llegó en perfecto estado, gracias.",Positiva
Excelente calidad y atención al cliente.,Positiva
"Producto de alta calidad, muy satisfecho.",Positiva
Demasiado caro para lo que ofrece.,Negativa
Excelente calidad y atención al cliente.,Positiva
Buen precio y envío rápido.,Positiva
"Me encantó el producto, superó mis expectativas.",Positiva
El mejor producto que he comprado en línea.,Positiva
"Estoy feliz con mi compra, funciona perfecto.",Positiva
"Producto defectuoso, llegó roto.",Negativa
"Estoy feliz con mi compra, funciona perfecto.",Positiva
Atención al cliente pésima.,Negativa
La calidad deja mucho que desear.,Negativa
"Estoy feliz con mi compra, funciona perfecto.",Positiva
Excelente calidad y atención al cliente.,Positiva
"Muy mala experiencia, no lo recomiendo.",Negativa
No funciona como se esperaba.,Negativa
"Muy mala experiencia, no lo recomiendo.",Negativa
No se parece a lo que mostraban en la web.,Negativa
Buen precio y envío rápido.,Positiva
Buen precio y envío rápido.,Positiva
No volveré a comprar aquí.,Negativa
Excelente calidad y atención al cliente.,Positiva
La calidad deja mucho que desear.,Negativa
"Muy mala experiencia, no lo recomiendo.",Negativa
"Muy recomendable, volveré a comprar.",Positiva
"Muy mala experiencia, no lo recomiendo.",Negativa
Una experiencia fantástica de principio a fin.,Positiva
El mejor producto que he comprado en línea.,Positiva
La calidad deja mucho que desear.,Negativa
"Muy mala experiencia, no lo recomiendo.",Negativa
El mejor producto que he comprado en línea.,Positiva
"Estoy feliz con mi compra, funciona perfecto.",Positiva
"Muy mala experiencia, no lo recomiendo.",Negativa
"Muy recomendable, volveré a comprar.",Positiva
Demasiado caro para lo que ofrece.,Negativa
"Estoy feliz con mi compra, funciona perfecto.",Positiva
Me arrepiento de haberlo comprado.,Negativa
No volveré a comprar aquí.,Negativa
La calidad deja mucho que desear.,Negativa
La calidad deja mucho que desear.,Negativa
"Muy recomendable, volveré a comprar.",Positiva
La calidad deja mucho que desear.,Negativa
No funciona como se esperaba.,Negativa
Demasiado caro para lo que ofrece.,Negativa
Llegó tarde y en mal estado.,Negativa
"Estoy feliz con mi compra, funciona perfecto.",Positiva
"Producto defectuoso, llegó roto.",Negativa
"Todo llegó en perfecto estado, gracias.",Positiva
La calidad deja mucho que desear.,Negativa
No volveré a comprar aquí.,Negativa
La calidad deja mucho que desear.,Negativa
No volveré a comprar aquí.,Negativa
Buen precio y envío rápido.,Positiva
No funciona como se esperaba.,Negativa
No se parece a lo que mostraban en la web.,Negativa
Me arrepiento de haberlo comprado.,Negativa
"Me encantó el producto, superó mis expectativas.",Positiva
"Producto defectuoso, llegó roto.",Negativa
Demasiado caro para lo que ofrece.,Negativa
"Producto de alta calidad, muy satisfecho.",Positiva
"Muy mala experiencia, no lo recomiendo.",Negativa
Una experiencia fantástica de principio a fin.,Positiva
Demasiado caro para lo que ofrece.,Negativa
"Estoy feliz con mi compra, funciona perfecto.",Positiva
"Muy recomendable, volveré a comprar.",Positiva
Buen precio y envío rápido.,Positiva
"Me encantó el producto, superó mis expectativas.",Positiva
"Muy mala experiencia, no lo recomiendo.",Negativa
"Estoy feliz con mi compra, funciona perfecto.",Positiva
Atención al cliente pésima.,Negativa
No se parece a lo que mostraban en la web.,Negativa
Una experiencia fantástica de principio a fin.,Positiva
El mejor producto que he comprado en línea.,Positiva
Me arrepiento de haberlo comprado.,Negativa
El mejor producto que he comprado en línea.,Positiva
"Todo llegó en perfecto estado, gracias.",Positiva
Una experiencia fantástica de principio a fin.,Positiva
Me arrepiento de haberlo comprado.,Negativa
Me arrepiento de haberlo comprado.,Negativa
No se parece a lo que mostraban en la web.,Negativa
El mejor producto que he comprado en línea.,Positiva
No se parece a lo que mostraban en la web.,Negativa
No funciona como se esperaba.,Negativa
"Todo llegó en perfecto estado, gracias.",Positiva
"Producto defectuoso, llegó roto.",Negativa
Atención al cliente pésima.,Negativa
"Producto defectuoso, llegó roto.",Negativa
Atención al cliente pésima.,Negativa
Atención al cliente pésima.,Negativa
"Producto defectuoso, llegó roto.",Negativa
No se parece a lo que mostraban en la web.,Negativa
No se parece a lo que mostraban en la web.,Negativa
"Muy recomendable, volveré a comprar.",Positiva
Recomiendo este servicio sin dudarlo.,Positiva
Excelente calidad y atención al cliente.,Positiva
Demasiado caro para lo que ofrece.,Negativa
Me arrepiento de haberlo comprado.,Negativa
Me arrepiento de haberlo comprado.,Negativa
No se parece a lo que mostraban en la web.,Negativa
"Producto defectuoso, llegó roto.",Negativa
"Estoy feliz con mi compra, funciona perfecto.",Positiva
Una experiencia fantástica de principio a fin.,Positiva
Buen precio y envío rápido.,Positiva
"Estoy feliz con mi compra, funciona perfecto.",Positiva
Me arrepiento de haberlo comprado.,Negativa
No se parece a lo que mostraban en la web.,Negativa
Atención al cliente pésima.,Negativa
Me arrepiento de haberlo comprado.,Negativa
Excelente calidad y atención al cliente.,Positiva
"Me encantó el producto, superó mis expectativas.",Positiva
"Muy recomendable, volveré a comprar.",Positiva
"Muy mala experiencia, no lo recomiendo.",Negativa
Llegó tarde y en mal estado.,Negativa
Buen precio y envío rápido.,Positiva
Una experiencia fantástica de principio a fin.,Positiva
"Muy mala experiencia, no lo recomiendo.",Negativa
No se parece a lo que mostraban en la web.,Negativa
"Producto de alta calidad, muy satisfecho.",Positiva
"Muy mala experiencia, no lo recomiendo.",Negativa
Atención al cliente pésima.,Negativa
No se parece a lo que mostraban en la web.,Negativa
El mejor producto que he comprado en línea.,Positiva
El mejor producto que he comprado en línea.,Positiva
Demasiado caro para lo que ofrece.,Negativa
No funciona como se esperaba.,Negativa
Buen precio y envío rápido.,Positiva
"Me encantó el producto, superó mis expectativas.",Positiva
El mejor producto que he comprado en línea.,Positiva
Demasiado caro para lo que ofrece.,Negativa
No volveré a comprar aquí.,Negativa
El mejor producto que he comprado en línea.,Positiva
La calidad deja mucho que desear.,Negativa
"Todo llegó en perfecto estado, gracias.",Positiva
"Producto de alta calidad, muy satisfecho.",Positiva
Buen precio y envío rápido.,Positiva
Recomiendo este servicio sin dudarlo.,Positiva
Llegó tarde y en mal estado.,Negativa
Me arrepiento de haberlo comprado.,Negativa
No volveré a comprar aquí.,Negativa
El mejor producto que he comprado en línea.,Positiva
Recomiendo este servicio sin dudarlo.,Positiva
Atención al cliente pésima.,Negativa
Llegó tarde y en mal estado.,Negativa
Excelente calidad y atención al cliente.,Positiva
"Producto de alta calidad, muy satisfecho.",Positiva
No se parece a lo que mostraban en la web.,Negativa
Me arrepiento de haberlo comprado.,Negativa
El mejor producto que he comprado en línea.,Positiva
"Producto de alta calidad, muy satisfecho.",Positiva
"Me encantó el producto, superó mis expectativas.",Positiva
"Me encantó el producto, superó mis expectativas.",Positiva
Me arrepiento de haberlo comprado.,Negativa
"Muy mala experiencia, no lo recomiendo.",Negativa
Excelente calidad y atención al cliente.,Positiva
Buen precio y envío rápido.,Positiva
No funciona como se esperaba.,Negativa
"Producto de alta calidad, muy satisfecho.",Positiva
"Producto defectuoso, llegó roto.",Negativa
El mejor producto que he comprado en línea.,Positiva
"Me encantó el producto, superó mis expectativas.",Positiva
El mejor producto que he comprado en línea.,Positiva
Recomiendo este servicio sin dudarlo.,Positiva
La calidad deja mucho que desear.,Negativa
La calidad deja mucho que desear.,Negativa
No funciona como se esperaba.,Negativa
Me arrepiento de haberlo comprado.,Negativa
Atención al cliente pésima.,Negativa
"Muy mala experiencia, no lo recomiendo.",Negativa
Recomiendo este servicio sin dudarlo.,Positiva
El mejor producto que he comprado en línea.,Positiva
Una experiencia fantástica de principio a fin.,Positiva
"Estoy feliz con mi compra, funciona perfecto.",Positiva
Excelente calidad y atención al cliente.,Positiva
La calidad deja mucho que desear.,Negativa
No se parece a lo que mostraban en la web.,Negativa
"Todo llegó en perfecto estado, gracias.",Positiva
"Producto de alta calidad, muy satisfecho.",Positiva
Una experiencia fantástica de principio a fin.,Positiva
Llegó tarde y en mal estado.,Negativa
Llegó tarde y en mal estado.,Negativa
No funciona como se esperaba.,Negativa
El mejor producto que he comprado en línea.,Positiva
No se parece a lo que mostraban en la web.,Negativa
Demasiado caro para lo que ofrece.,Negativa
Atención al cliente pésima.,Negativa
"Estoy feliz con mi compra, funciona perfecto.",Positiva
El mejor producto que he comprado en línea.,Positiva
Llegó tarde y en mal estado.,Negativa
"Todo llegó en perfecto estado, gracias.",Positiva
"Muy mala experiencia, no lo recomiendo.",Negativa
La calidad deja mucho que desear.,Negativa
Recomiendo este servicio sin dudarlo.,Positiva
"Producto defectuoso, llegó roto.",Negativa
"Producto defectuoso, llegó roto.",Negativa
La calidad deja mucho que desear.,Negativa
"Producto de alta calidad, muy satisfecho.",Positiva
Me arrepiento de haberlo comprado.,Negativa
No funciona como se esperaba.,Negativa
Demasiado caro para lo que ofrece.,Negativa
"Producto defectuoso, llegó roto.",Negativa
Demasiado caro para lo que ofrece.,Negativa
El mejor producto que he comprado en línea.,Positiva
Recomiendo este servicio sin dudarlo.,Positiva
Buen precio y envío rápido.,Positiva
La calidad deja mucho que desear.,Negativa
"Muy mala experiencia, no lo recomiendo.",Negativa
"Producto de alta calidad, muy satisfecho.",Positiva
"Todo llegó en perfecto estado, gracias.",Positiva
"Muy recomendable, volveré a comprar.",Positiva
No funciona como se esperaba.,Negativa
"Producto defectuoso, llegó roto.",Negativa
Buen precio y envío rápido.,Positiva
"Todo llegó en perfecto estado, gracias.",Positiva
No funciona como se esperaba.,Negativa
Llegó tarde y en mal estado.,Negativa
No funciona como se esperaba.,Negativa
La calidad deja mucho que desear.,Negativa
No funciona como se esperaba.,Negativa
Atención al cliente pésima.,Negativa
Llegó tarde y en mal estado.,Negativa
"Estoy feliz con mi compra, funciona perfecto.",Positiva
No volveré a comprar aquí.,Negativa
Una experiencia fantástica de principio a fin.,Positiva
"Me encantó el producto, superó mis expectativas.",Positiva
Me arrepiento de haberlo comprado.,Negativa
No volveré a comprar aquí.,Negativa
Llegó tarde y en mal estado.,Negativa
Una experiencia fantástica de principio a fin.,Positiva
"Producto de alta calidad, muy satisfecho.",Positiva
Me arrepiento de haberlo comprado.,Negativa
Recomiendo este servicio sin dudarlo.,Positiva
"Muy recomendable, volveré a comprar.",Positiva
"Muy recomendable, volveré a comprar.",Positiva
Atención al cliente pésima.,Negativa
Buen precio y envío rápido.,Positiva
"Muy mala experiencia, no lo recomiendo.",Negativa
No funciona como se esperaba.,Negativa
Demasiado caro para lo que ofrece.,Negativa
No se parece a lo que mostraban en la web.,Negativa
Buen precio y envío rápido.,Positiva
"Todo llegó en perfecto estado, gracias.",Positiva
El mejor producto que he comprado en línea.,Positiva
"Producto de alta calidad, muy satisfecho.",Positiva
Atención al cliente pésima.,Negativa
Demasiado caro para lo que ofrece.,Negativa
Recomiendo este servicio sin dudarlo.,Positiva
"Estoy feliz con mi compra, funciona perfecto.",Positiva
"Producto defectuoso, llegó roto.",Negativa
No funciona como se esperaba.,Negativa
Demasiado caro para lo que ofrece.,Negativa
No funciona como se esperaba.,Negativa
Una experiencia fantástica de principio a fin.,Positiva
"Me encantó el producto, superó mis expectativas.",Positiva
"Muy mala experiencia, no lo recomiendo.",Negativa
"Producto de alta calidad, muy satisfecho.",Positiva
"Muy recomendable, volveré a comprar.",Positiva
La calidad deja mucho que desear.,Negativa
"Me encantó el producto, superó mis expectativas.",Positiva
Recomiendo este servicio sin dudarlo.,Positiva
No se parece a lo que mostraban en la web.,Negativa
No se parece a lo que mostraban en la web.,Negativa
"Muy mala experiencia, no lo recomiendo.",Negativa
La calidad deja mucho que desear.,Negativa
La calidad deja mucho que desear.,Negativa
El mejor producto que he comprado en línea.,Positiva
"Producto de alta calidad, muy satisfecho.",Positiva
"Estoy feliz con mi compra, funciona perfecto.",Positiva
La calidad deja mucho que desear.,Negativa
"Estoy feliz con mi compra, funciona perfecto.",Positiva
Una experiencia fantástica de principio a fin.,Positiva
"Todo llegó en perfecto estado, gracias.",Positiva
Recomiendo este servicio sin dudarlo.,Positiva
Me arrepiento de haberlo comprado.,Negativa
No volveré a comprar aquí.,Negativa
Excelente calidad y atención al cliente.,Positiva
Atención al cliente pésima.,Negativa
No se parece a lo que mostraban en la web.,Negativa
Atención al cliente pésima.,Negativa
Atención al cliente pésima.,Negativa
No volveré a comprar aquí.,Negativa
No volveré a comprar aquí.,Negativa
No funciona como se esperaba.,Negativa
Recomiendo este servicio sin dudarlo.,Positiva
"Producto defectuoso, llegó roto.",Negativa
"Muy mala experiencia, no lo recomiendo.",Negativa
"Estoy feliz con mi compra, funciona perfecto.",Positiva
"Todo llegó en perfecto estado, gracias.",Positiva
Buen precio y envío rápido.,Positiva
Una experiencia fantástica de principio a fin.,Positiva
"Muy recomendable, volveré a comprar.",Positiva
No funciona como se esperaba.,Negativa
Buen precio y envío rápido.,Positiva
Buen precio y envío rápido.,Positiva
Una experiencia fantástica de principio a fin.,Positiva
